_job_address,_job_application_deadline_date,_job_apply_email,_job_apply_type,_job_apply_url,_job_career_level,_job_category,_job_description,_job_experience,_job_expiry_date,_job_featured,_job_featured_image,_job_filled,_job_gender,_job_location,_job_map_location,_job_max_salary,_job_photos,_job_qualification,_job_salary,_job_salary_type,_job_tag,_job_title,_job_type,_job_urgent,_job_video_url
San José,2025-11-19,,external,https://cr.computrabajo.com/ofertas-de-trabajo/oferta-de-trabajo-de-bodegueroa-tiem-en-san-jose-28C279801EE5EDBC61373E686DCF3405,,Bodeguero/a - Tiem,"Puesto: Bodeguero / Auxiliar de Bodega Objetivo: Garantizar la recepción, almacenamiento, control y despacho de repuestos, cumpliendo con los procedimientos, tiempos y estándares de calidad establecidos.

Funciones principales: Recibir, revisar y registrar mercadería en SAP.

Almacenar productos siguiendo el orden y rotulación establecidos.

Uso de WMS para despacho de productos Alistar y embalar pedidos a sucursales o clientes.

Participar en inventarios y conteos físicos.

Cumplir con normas de seguridad, orden y limpieza en la bodega.

Reportar diferencias o incidencias al líder de área.

Requisitos: Secundaria completa.

Experiencia mínima de 1 año en bodegas o centros de distribución.

Conocimiento básico en SAP (deseable).

Trabajo en equipo, precisión y responsabilidad.",2 años de experiencia,2025-11-19,0,//cp.ct-stc.com/web8/20251020.01_01.24/c/img/logos/logoct.svg,0,,San José,,"460 000,00 ₡",,Educación mínima: Bachillerato / Educación Media,"460 000,00 ₡",mensual,Costa Rica,Bodeguero/a - Tiem,Tiempo Completo,0,
San José,2025-11-19,,external,https://cr.computrabajo.com/ofertas-de-trabajo/oferta-de-trabajo-de-ingeniero-tecnico-de-servicio-en-san-jose-DAEF19C06D4AE41F61373E686DCF3405,Ingeniero Senior de Preventa,Ingeniero Senior de Preventa,"Realizar trabajos de instalación y mantenimiento de Maquinaria Industrial de Embotellado, con clientes de la Región de Centro América, El Caribe y Estados Unidos.

Requisitos: Título de Ingeniería Mecatrónica, Electrónica, Eléctrica,  Mecánica o Industrial con mención en Automatización.

Experiencia laboral de 1 año.

Tener VISA americana vigente.

Disponibilidad para viajar (hasta un 90% del tiempo).

Nivel de Inglés avanzado tanto escrito como oral.",1 año de experiencia,2025-11-19,0,//cp.ct-stc.com/web8/20251020.01_01.24/c/img/logos/logoct.svg,0,,San José,,A convenir,,Educación mínima: Universidad,A convenir,mensual,Costa Rica,Ingeniero Técnico de Servicio,Tiempo Completo,0,
Santa Ana,2025-11-19,,external,https://cr.computrabajo.com/ofertas-de-trabajo/oferta-de-trabajo-de-ayudante-de-patio-en-santa-ana-EC5195EF5A4E23CA61373E686DCF3405,,Ayudante de patio,"- ayudante de patio para empresa industrial del sector construcción y acabados.

- atención de clientes, entregas y despacho.

- experiencia en servicio al cliente.

- experiencia en cargas y descargas de camiones.

- mantener los patios y las áreas limpias y ordenadas.

- ayudar en los procesos de empaques.

- conocimiento en mantenimiento general.

- disponibilidad de trabajar horas extras.

- trabajar de lunes a sábado.

- lugar de trabajo ubicado en Santa Ana centro.

- 2 cartas de recomendación de trabajos anteriores.

- hoja de delincuencia al día.",1 año de experiencia,2025-11-19,1,//cp.ct-stc.com/web8/20251020.01_01.24/c/img/logos/logoct.svg,0,,Santa Ana,,A convenir,,Educación mínima: Educación Básica Secundaria,A convenir,mensual,Costa Rica,Ayudante de patio,Tiempo Completo,1,
San José,2025-11-19,,external,https://cr.computrabajo.com/ofertas-de-trabajo/oferta-de-trabajo-de-key-account-manager-en-san-jose-D7487600C6C63C3C61373E686DCF3405,Ejecutivo de Ventas Senior,Key Account Manager,"Sobre Nosotros OPPO, fundada en 2004, es una de las principales marcas de tecnología a nivel mundial.

Reconocida por su innovación, diseño y excelente relación calidad
- precio en smartphones, hoy tenemos presencia en más de 60 países y seguimos creciendo en Latinoamérica.

En Costa Rica buscamos un Key Account Manager (KAM) en area de celulares con experiencia sólida en cuentas estratégicas para liderar las relaciones comerciales con nuestros socios clave.

Experiencia y relacion con canales de carrier y KA open market clientes.

Requisitos Mínimo 6 años de experiencia como Key Account Manager, gestionando negociaciones corporativas a nivel directivo.

Inglés avanzado (oral y escrito), con capacidad para negociar, presentar y reportar.

Excelentes habilidades de comunicación, negociación y relaciones públicas.

Organización, coordinación y capacidad para trabajar bajo presión.

Perfil estratégico, orientado a resultados, con iniciativa y liderazgo.

Responsabilidades Desarrollar y fortalecer la relación entre OPPO y los clientes estratégicos (Sell
- In).

Liderar la gestión de productos y políticas comerciales, con seguimiento en puntos de venta (Sell
- Through).

Coordinar y ejecutar actividades promocionales y de marketing junto con los socios.

Analizar información de mercado y competencia para la toma de decisiones estratégicas.

Supervisar el desempeño de productos, soluciones y proyectos clave con diferentes operadores y canales.","Mínimo 6 años de experiencia como Key Account Manager, gestionando negociaciones corporativas a nivel directivo.",2025-11-19,1,//cp.ct-stc.com/web8/20251020.01_01.24/c/img/logos/logoct.svg,0,,San José,,A convenir,,Educación mínima: Universidad,A convenir,mensual,Costa Rica,Key Account Manager,Tiempo Completo,1,
Santa Ana,2025-11-19,,external,https://cr.computrabajo.com/ofertas-de-trabajo/oferta-de-trabajo-de-ingeniero-civil-con-experienciaa-en-santa-ana-1357F851A114D5D861373E686DCF3405,,Descripción de la oferta,"Descripción de tareas Responsabilidades: •	Coordinar, elaborar y validar los costos de construcción de los proyectos.

•	Conocimiento profundo de materiales de construcción.

Interpretación y revisión de planos y memorias de cálculo.

•	Elaboración y revisión de presupuestos de obra.

•	Planificación, organización, dirección, control y supervisión de proyectos deconstrucción.

•	 Inspección de obras para asegurar el cumplimiento de los estándares de calidad y cantidad.

•	 Elaboración y control de órdenes de cambio.

•	Seguimiento y control a través de software como Procore (SUBMITAL TRANSMITAL).

•	 Liderazgo y control de equipos de trabajo, garantizando el cumplimiento de metas y estándares de calidad.

•	Actualización de costos y asegurarse que las compras se mantengan dentro del presupuesto.

•	Elaboración y cumplimiento de cronogramas de obra.

•	Mantenimiento de bitácoras de proyectos y documentación relacionada.

•	Asegurar el cumplimiento de metas y un excelente servicio al cliente.

Requisitos: •	 Experiencia laboral demostrable en ingeniería civil.

Dominio del software de diseño y visualización como AutoCAD, Civil 3D o similares.

•	Habilidades sólidas en supervisión y gestión de proyectos.

•	Disponibilidad para viajar y para trabajar en Guanacaste.

•	 Capacidad para trabajar bajo presión y cumplir con plazos estrictos Disponibilidad para vivir en Guanacaste con salida Bisemanal.",4 años de experiencia,2025-11-19,1,//cp.ct-stc.com/web8/20251020.01_01.24/c/img/logos/logoct.svg,0,,Santa Ana,,A convenir,,Educación mínima: Universidad,A convenir,mensual,Costa Rica,Ingeniero civil - Con experiencia,Tiempo Completo,1,
Escazú,2025-11-19,,external,https://cr.computrabajo.com/ofertas-de-trabajo/oferta-de-trabajo-de-encargado-de-tienda-en-escazu-CF1241AF2C19EEFE61373E686DCF3405,,Encargado de Tienda,"El objetivo general del encargado es guiar y coordinar al equipo de la tienda, comprendiendo las fortalezas y debilidades del grupo para que, de manera conjunta, logren alcanzar los resultados deseados y potencien mejoras continuas.

Debe ser capaz de asumir el pleno control de la tienda, supervisando las acciones del equipo para cumplir con los procedimientos y alcanzar resultados óptimos.

Será responsable directo de reportar novedades del personal y la operatoria en general.

Entre sus labores más regulares están: Arqueos y cierres de cajas Gestión de presupuestos Pagos en sistema Coordinación del equipo Gestión de stock Mantenimiento de la tienda *Experencia mínima de 2 años en puestos similares, indispensable Experiencia en compañías con procesos de ejecución (Mc Donalds, Starbucks, Office Depot, etc), es un plus Manejo de Equipo, indispensabe Coordinación y Aprendizaje con equipos locales e internacionales",2 años de experiencia,2025-11-19,1,//cp.ct-stc.com/web8/20251020.01_01.24/c/img/logos/logoct.svg,0,,Escazú,,A convenir,,Educación mínima: Educación Técnico/Profesional,A convenir,mensual,Costa Rica,Encargado de Tienda,Tiempo Completo,1,
Escazú,2025-11-19,,external,https://cr.computrabajo.com/ofertas-de-trabajo/oferta-de-trabajo-de-asesor-de-ventas-aire-acondicionado-en-escazu-672D11DB9D94763761373E686DCF3405,,Asesor de Ventas - Aire Acondicionado,"¡Estamos contratando!

Asesor de Ventas de Ruta Responsabilidades: Prospectar y desarrollar cartera de clientes en el sector de aires acondicionados.

Asesorar y ofrecer soluciones personalizadas a clientes residenciales, comerciales e industriales.

Cumplir metas de ventas y fortalecer la relación con clientes actuales.

Reportar avances y oportunidades al jefe inmediato.

Requisitos: Bachillerato completado, deseable estudios universitarios.

Deseable Técnico, Diploma o cursos en Refrigeración y Aires Acondicionados.

Experiencia en ventas externas (ideal en equipos de climatización, electrodomésticos o afines).

También se tomara en cuenta experiencia en sector construcción, ferretero, automotriz, repuestos industriales y similares.

Vehículo propio y licencia al día.

Orientación a resultados, habilidades de negociación y servicio al cliente.

Ofrecemos: Salario base competitivo + atractivo esquema de comisiones.

Prestaciones de ley y beneficios corporativos.

Oportunidad de crecimiento en una empresa con presencia Internacional Capacitación constante y apoyo de un equipo dinámico.","Experiencia en ventas externas (ideal en equipos de climatización, electrodomésticos o afines).",2025-11-19,1,//cp.ct-stc.com/web8/20251020.01_01.24/c/img/logos/logoct.svg,0,,Escazú,,"600 000,00 ₡",,"¡Estamos contratando!Asesor de Ventas de RutaResponsabilidades:Prospectar y desarrollar cartera de clientes en el sector de aires acondicionados.Asesorar y ofrecer soluciones personalizadas a clientes residenciales, comerciales e industriales.Cumplir metas de ventas y fortalecer la relación con clientes actuales.Reportar avances y oportunidades al jefe inmediato.Requisitos:Bachillerato completado, deseable estudios universitarios.Deseable Técnico, Diploma o cursos en Refrigeración y Aires Acondicionados.Experiencia en ventas externas (ideal en equipos de climatización, electrodomésticos o afines).También se tomara en cuenta experiencia en sector construcción, ferretero, automotriz, repuestos industriales y similares.Vehículo propio y licencia al día.Orientación a resultados, habilidades de negociación y servicio al cliente.Ofrecemos:Salario base competitivo + atractivo esquema de comisiones.Prestaciones de ley y beneficios corporativos.Oportunidad de crecimiento en una empresa con presencia InternacionalCapacitación constante y apoyo de un equipo dinámico.","600 000,00 ₡",mensual,Costa Rica,Asesor de Ventas - Aire Acondicionado,Tiempo Completo,1,
San José,2025-11-19,,external,https://cr.computrabajo.com/ofertas-de-trabajo/oferta-de-trabajo-de-encargado-de-bodega-bachillerato-en-san-jose-5F1BD3F195623AD061373E686DCF3405,,Coordinador de  logística,"Vacante: Encargado(a) de Bodega Ubicación: Pavas Jornada: Tiempo completo En Airtec, especialistas en soluciones de aire acondicionado, nos encontramos en búsqueda de un(a) Encargado(a) de Bodega para unirse a nuestro equipo.

Responsabilidades principales: Coordinar y supervisar la recepción, almacenamiento y despacho de equipos y repuestos de aires acondicionados.

Control de inventarios y verificación de existencias en sistema.

Mantener el orden y la correcta organización de la bodega.

Generar reportes y dar seguimiento a movimientos de inventario.

Apoyo en procesos logísticos y control de documentación.

Asegurar el cumplimiento de políticas internas de seguridad y procedimientos de bodega.

Requisitos: Experiencia mínima de 2 años en puestos similares.

Conocimientos en aires acondicionados (tipos de equipos, repuestos, accesorios).

Manejo del sistema Softland (indispensable).

Dominio de Excel para control de inventarios y reportes.

Habilidades de organización, atención al detalle y trabajo en equipo.

Ofrecemos: Estabilidad laboral en una empresa en crecimiento.

Oportunidad de desarrollo profesional.",2 años de experiencia,2025-11-19,0,//cp.ct-stc.com/web8/20251020.01_01.24/c/img/logos/logoct.svg,0,,San José,,A convenir,,Encargado de Bodega - Bachillerato,A convenir,mensual,Costa Rica,Encargado de Bodega - Bachillerato,Tiempo Completo,0,
Escazú,2025-11-19,,external,https://cr.computrabajo.com/ofertas-de-trabajo/oferta-de-trabajo-de-coordinador-planta-externa-fibra-optica-en-escazu-B4BFD5CA9950135961373E686DCF3405,Ingeniero Senior de Preventa,Profesional Técnico en Infraestructura y Redes,"¿Qué es el rol?

El Coordinador de Planta Externa – Fibra Óptica B2B, colabora en las funciones administrativas y operativas del departamento, asumiendo la responsabilidad de supervisar, coordinar y garantizar la ejecución eficiente de proyectos, así como el mantenimiento de la infraestructura de fibra óptica orientada a clientes empresariales (B2B).

¿Cómo agregas valor?

Coordinando, revisando y documentando todos los trabajos relacionados con inspecciones e instalaciones de campo.

Administrando y gestionando los permisos de postería ante los operadores eléctricos (CNFL, JASEC, ESPH, ICE, COOPEGUANACASTE, etc.).

Coordinando y apoyando a los inspectores de campo en los trabajos agendados.

Documentando en base de datos (planos, permisos, fotos, informes, etc.).

Coordinando con el contratista todas las tareas relacionadas con instalaciones, site surveys, mantenimientos y averías.

Elaborando planos, rutas e informes relacionados con los trabajos de planta externa.

Realizando cualquier otra función afín, requerida según las necesidades del negocio.

¿Qué necesitas?

Educación secundaria completa (obligatorio), o Estudios superiores en áreas técnicas o afines.

Cursos técnicos en tecnologías: telecomunicaciones, electricidad, CAD, GIS, entre otros (deseable).

Manejo básico/intermedio de AutoCAD para planos técnicos.

Uso de Google Earth para georreferenciación y análisis de rutas.

Dominio de Microsoft Office (Word, Excel, PowerPoint) para informes y reportes.

Familiaridad con OSP Insight para documentación y gestión de redes de planta externa (no indispensable).

Disponibilidad para participar en giras en el territorio nacional.

Licencia B1 al día, deseable.",4 años de experiencia,2025-11-19,0,//cp.ct-stc.com/web8/20251020.01_01.24/c/img/logos/logoct.svg,0,,Escazú,,A convenir,,Educación mínima: Educación Técnico/Profesional,A convenir,mensual,Costa Rica,"Coordinador Planta Externa, Fibra Óptica",Tiempo Completo,0,
Moravia,2025-11-19,,external,https://cr.computrabajo.com/ofertas-de-trabajo/oferta-de-trabajo-de-jefe-de-almacen-y-despacho-tecnico-gestion-logistica-en-moravia-27A4A27250200B6861373E686DCF3405,,"Jefe de Logística: Compras, Almacén y Entregas","Buscamos un profesional con experiencia en logística responsable del almacén y despacho, con experiencia mínima de 5 años comprobada en puestos similares.

Responsabilidades
- Gestionar y supervisar el área de almacén, despacho y personal del área.

- Controlar las entradas y salidas de producto.

- Coordinar la recepción, almacenamiento y movimientos de inventario, tales como compras y devoluciones.

- Coordinar las rutas de distribución en GAM y zona Rural.

- Registrar y reportar movimientos de almacén en el sistema operativo, y gestión del alisto de pedidos para despacho.

- Orientado a la planificación, capacidad de organización, atención y análisis.

- Con conocimiento en gestión de inventarios y logística.

- Deberá realizar inventarios periódicos para mantener un control efectivo del stock, así como de su almacenamiento..

- Coordinará con otros departamentos para asegurar una correcta planificación y calidad de la logística.

- Deberá liderar un equipo de trabajo y asegurar el cumplimiento de los objetivos del equipo.

Requerimientos Con estudios técnicos en gestión logística y/o estudios en carrera afín: ingeniería industrial, administración de empresas o similar.

Experiencia en manejo de rutas de distribución en territorio nacional, teniendo a cargo flotas vehiculares.

Preferible con conocimientos en Sap.

Licencias B1 y preferible D3.

Dominio de Excel.

Acostumbrado a trabajar bajo presión.","Buscamos un profesional con experiencia en logística responsable del almacén y despacho, con experiencia mínima de 5 años comprobada en puestos similares.",2025-11-19,1,//cp.ct-stc.com/web8/20251020.01_01.24/c/img/logos/logoct.svg,0,,Moravia,,A convenir,,Educación mínima: Educación Técnico/Profesional,A convenir,mensual,Costa Rica,Jefe de Almacén y Despacho - Técnico gestión logística,Tiempo Completo,1,
San José,2025-11-19,,external,https://cr.computrabajo.com/ofertas-de-trabajo/oferta-de-trabajo-de-customer-support-specialist-premium-healthcare-en-san-jose-F5A3E96AEBF6751061373E686DCF3405,,Customer Support Specialist - Premium Healthcare,"Are you ready to advance your career in healthcare customer service?

We are looking for Bilingual Client Support Specialists with a minimum of B2 level English proficiency to join our innovative support team.

In this role, you will communicate with patients and healthcare professionals through voice platforms, providing crucial support for healthcare queries, handling service requests, and addressing concerns with care and professionalism.

If you are a detail
- oriented communicator passionate about working in a supportive, fast
- paced healthcare setting, we want to hear from you!

Requirements: Advanced English level
- B2 Having prior experience in the healthcare industry is essential for this role Full Flexibility High School Diploma Onsite Positions (Pavas) Candidate Profile: Exhibits professionalism with a strong dedication to delivering exceptional healthcare service.

Proficient in computer navigation and general PC skills Capable of clear and compassionate communication, both in writing and verbally.

Attentive and precise, ensuring accurate handling of healthcare information.

Strong ability to multitask, adapt to changing priorities, and remain flexible Comfortable handling repetitive tasks in a fast
- paced, high
- volume environment Works well independently and collaboratively within a team Benefits: Competitive Account bonus Generate an additional income with our referrals program!

On
- Site doctor FREE On
- Site Gym Employee Assistance Program (Finance, Legal, Psychological Assistance) Cafeteria Subsidy Birthday Off Benefit Hub (Amazing discounts in hotels, flights, restaurants, universities, gyms etc.) Asociación Solidarista Top Performer Recognition Program CNX University (free online courses and certifications) LinkedIn Learning enterprise profile for all Game Changers!

Career Growth Program (CNX Advance)",,2025-11-19,0,//cp.ct-stc.com/web8/20251020.01_01.24/c/img/logos/logoct.svg,0,,San José,,"500 000,00 ₡",,Educación mínima: Bachillerato / Educación Media,"500 000,00 ₡",mensual,Costa Rica,Customer Support Specialist - Premium Healthcare,Tiempo Completo,0,
San José,2025-11-19,,external,https://cr.computrabajo.com/ofertas-de-trabajo/oferta-de-trabajo-de-customer-care-specialist-sports-account-en-san-jose-EF1A9A563B82CBF761373E686DCF3405,,Customer Care Specialist - Sports Account,"We’re looking for our new Sports Advisors!

Are you ready to kick
- start your career with a world
- renowned sports brand?

We are looking for Bilingual Care Specialists with at least B2 level English proficiency to join our dynamic support team.

In this role, you will be the first point of contact for our customers, assisting them with product inquiries, order tracking, and account issues via voice and chat platforms.

If you have a passion for sports and thrive in a fast
- paced environment, we want to hear from you!

World
- renowned Sports brand Account located in Pavas, San Jose.

Requirements: Advanced English level
- B2 Full Flexibility High School Diploma Onsite Positions (Pavas) Candidate Profile: Courteous with strong customer service orientation Strong computer navigation skills and PC Knowledge Ability to effectively communicate, both written and verbally Dependable with strong attention to detail Skilled in multi
- tasking; including the ability to be flexible and adapt to changes quickly Tolerance for repetitive work in a fast
- paced, high production work environment Ability to work as a team member, as well as independently Benefits: Competitive Account bonus Generate an additional income with our referrals program!

On
- Site doctor FREE On
- Site Gym Employee Assistance Program (Finance, Legal, Psychological Assistance) Cafeteria Subsidy Birthday Off Benefit Hub (Amazing discounts in hotels, flights, restaurants, universities, gyms etc.) Asociación Solidarista Top Performer Recognition Program CNX University (free online courses and certifications) LinkedIn Learning enterprise profile for all Game Changers!

Career Growth Program (CNX Advance)",,2025-11-19,0,//cp.ct-stc.com/web8/20251020.01_01.24/c/img/logos/logoct.svg,0,,San José,,"500 000,00 ₡",,Educación mínima: Bachillerato / Educación Media,"500 000,00 ₡",mensual,Costa Rica,Customer Care Specialist - Sports Account,Tiempo Completo,0,
San José,2025-11-19,,external,https://cr.computrabajo.com/ofertas-de-trabajo/oferta-de-trabajo-de-coordinador-de-supervisores-administracion-de-empresa-en-san-jose-FBFC6FF1BC48E9DB61373E686DCF3405,,Coordinador de Supervisores - Administración de empresa,"Funciones: Coordina, guía y evalúa el trabajo de los supervisores a su cargo.

Garantiza el cumplimiento de metas y cronogramas establecidos.

Verifica que los procesos se realicen según los procedimientos establecidos.

Asegura el cumplimiento de normativas internas y externas (calidad, seguridad, salud ocupacional, etc.).

Actúa como canal de comunicación entre la alta dirección y los supervisores.

Transmite instrucciones, políticas y cambios organizativos.

Recoge y eleva reportes, incidencias o propuestas de mejora.

Realiza auditorías internas o controles periódicos.

Promueve la eficiencia operativa.

Implementa acciones correctivas y preventivas.

Participa en proyectos de mejora organizacional.

Requisitos: Experiencia en supervisión de equipos comerciales en venta directa (Puerta a Puerta) Experiencia y conocimiento de venta de servicios de telefonía (Prepago, Postpago, Servicios de Fibra Óptica (Internet,líneas fijas y cable) Vehículo propio.

Licencia de Conducir Vigente.

Disponibilidad de Horario.

Ofrecemos: Atractivo Salario Base + Comisiones + Prestaciones de ley + Oportunidad de Crecimiento.",2 años de experiencia,2025-11-19,1,//cp.ct-stc.com/web8/20251020.01_01.24/c/img/logos/logoct.svg,0,,San José,,A convenir,,Educación mínima: Universidad,A convenir,mensual,Costa Rica,Coordinador de Supervisores - Administración de empresa,Tiempo Completo,1,
San José,2025-11-19,,external,https://cr.computrabajo.com/ofertas-de-trabajo/oferta-de-trabajo-de-anfitriona-de-restaurante-gam-san-salvador-en-san-jose-C3288CD41E10923961373E686DCF3405,,Anfitriona de restaurante (GAM) - San Salvador,"En AR Holdings estamos en búsqueda de un(a) Anfitrión/a de Restaurante para unirse a nuestro equipo.

Esta persona será la primera impresión de nuestros clientes, encargada de brindar una atención cálida, profesional y eficiente desde el momento en que ingresan hasta que finaliza su experiencia en el restaurante.

Responsabilidades principales: Recibir y dar la bienvenida a los clientes de manera cordial.

Gestionar y organizar las reservas, asignando mesas de forma eficiente.

Coordinar con el personal de servicio para garantizar una atención de calidad.

Atender consultas de los clientes y guiarlos según sus necesidades.

Mantener el área de recepción ordenada y presentable.

Requisitos: Experiencia previa en servicio al cliente (deseable).

Excelente comunicación verbal y actitud proactiva.

Buena presentación personal.

Disponibilidad para trabajar en horarios rotativos, fines de semana y feriados.

Habilidades para trabajar en equipo y bajo presión.

Carnet de manipulación de alimentos","En AR Holdings estamos en búsqueda de un(a) Anfitrión/a de Restaurante para unirse a nuestro equipo. Esta persona será la primera impresión de nuestros clientes, encargada de brindar una atención cálida, profesional y eficiente desde el momento en que ingresan hasta que finaliza su experiencia en el restaurante.",2025-11-19,1,//cp.ct-stc.com/web8/20251020.01_01.24/c/img/logos/logoct.svg,0,,San José,,A convenir,,Educación mínima: Bachillerato / Educación Media,A convenir,mensual,Costa Rica,Anfitriona de restaurante (GAM) - San Salvador,Tiempo Completo,0,
Goicoechea,2025-11-19,,external,https://cr.computrabajo.com/ofertas-de-trabajo/oferta-de-trabajo-de-expertoa-en-ventas-con-experiencia-en-goicoechea-958687EADBD1BF6661373E686DCF3405,,Experto(a) en ventas - con experiencia,"Especialista en identificar oportunidades de mercado, diseñar propuestas de valor y liderar procesos de venta...",2 años de experiencia,2025-11-19,0,//cp.ct-stc.com/web8/20251020.01_01.24/c/img/logos/logoct.svg,0,,Goicoechea,,A convenir,,Educación mínima: Bachillerato / Educación Media,A convenir,mensual,Costa Rica,Experto(a) en ventas - con experiencia,Tiempo Completo,0,
Escazú,2025-11-19,,external,https://cr.computrabajo.com/ofertas-de-trabajo/oferta-de-trabajo-de-ebanista-en-escazu-2694A2D14D39081561373E686DCF3405,,Ebanista,"Acerca del empleo: En AR Holdings estamos en búsqueda de un Ebanista con experiencia en revisión de muebles, inspección, reparación de daños, así como fabricación y armado.

Esta posición contribuye a asegurar altos estándares de calidad en los productos, dentro de un entorno orientado al detalle, la eficiencia y la satisfacción del cliente.

Funciones: Inspección y verificación del estado de los muebles.

Reparación de muebles dañados durante la revisión o bajo garantía.

Atención técnica en sitio a clientes para reparación de muebles.

Requisitos indispensables: Primaria completa.

Experiencia de 3 años o más en armado, revisión e inspección de muebles, así como en reparación de daños y atención a clientes por garantías.

Deseables: Técnico en ebanistería.

Fabricación y armado de muebles.

Experiencia con trabajos de tapicería.

Licencia A1 o B1.

En AR Holdings, creemos en el poder de la diversidad.

Como empleador que ofrece igualdad de oportunidades, estamos comprometidos con la construcción de equipos inclusivos y multiculturales.

Fomentamos un proceso de contratación libre de barreras, donde cada persona tenga la posibilidad de crecer y desarrollarse.",3 años de experiencia,2025-11-19,1,//cp.ct-stc.com/web8/20251020.01_01.24/c/img/logos/logoct.svg,0,,Escazú,,A convenir,,Educación mínima: Educación Básica Primaria,A convenir,mensual,Costa Rica,Ebanista,Tiempo Completo,1,
Pérez Zeledón,2025-11-19,,external,https://cr.computrabajo.com/ofertas-de-trabajo/oferta-de-trabajo-de-promotor-de-ventas-de-tecnologia-perez-zeledon-en-perez-zeledon-7873F0DE0887D73B61373E686DCF3405,,Gracias por ayudarnos a mejorar Computrabajo,"Título del Puesto: Promotor de Ventas de tecnología Descripción del Puesto: Buscamos un Zone Promoter encargado de promover las ventas en diferentes puntos de venta.

El candidato ideal será responsable de supervisar y gestionar diversas tiendas dentro de una zona asignada, asegurando el cumplimiento de los objetivos de ventas y la satisfacción del cliente.

Responsabilidades: Promover las ventas en múltiples puntos de venta dentro de la zona asignada.

Supervisar y gestionar el rendimiento de las tiendas bajo su responsabilidad.

Implementar estrategias de ventas efectivas para alcanzar los objetivos establecidos.

Proporcionar soporte y capacitación al personal de ventas en las tiendas.

Monitorear y analizar las tendencias del mercado y las actividades de la competencia.

Mantener una comunicación constante con los gerentes de tienda y el equipo de ventas.

Requisitos: Noveno grado completo.

Experiencia previa en ventas de tecnología.

Excelentes habilidades de comunicación y negociación.

Capacidad para trabajar de manera independiente y en equipo.

Disponibilidad para viajar dentro de Pérez Zeledón Ofrecemos: Salario competitivo.

Oportunidades de crecimiento y desarrollo profesional.

Un ambiente de trabajo dinámico y colaborativo.

Oportunidad de Bonificación.

Viáticos Condiciones: Contrato Indefinido Horario: Lunes a Domingo, con un día libre entre semana",1 año de experiencia,2025-11-19,1,//cp.ct-stc.com/web8/20251020.01_01.24/c/img/logos/logoct.svg,0,,Pérez Zeledón,,A convenir,,Educación mínima: Educación Básica Secundaria,A convenir,mensual,Costa Rica,Promotor de Ventas de Tecnología Pérez Zeledón,Tiempo Completo,1,
San José,2025-11-19,,external,https://cr.computrabajo.com/ofertas-de-trabajo/oferta-de-trabajo-de-asistente-administrativoa-con-experiencia-en-san-jose-D77DCCD56CE1699761373E686DCF3405,,Asistente administrativo(a) - con experiencia,"Bachiller en educación media (indispensable) Experiencia en ventas, manejo de la recepción y manejo de varias agendas (preferencia electrónicas), promoción de servicios o productos.

Conocimiento en el paquete office.

Disponibilidad para laborar de lunes a sábado",1 año de experiencia,2025-11-19,1,//cp.ct-stc.com/web8/20251020.01_01.24/c/img/logos/logoct.svg,0,,San José,,A convenir,,"Bachiller en educación media (indispensable)Experiencia en ventas, manejo de la recepción y manejo de varias agendas (preferencia electrónicas), promoción de servicios o productos.Conocimiento en el paquete office.Disponibilidad para laborar de lunes a sábado",A convenir,mensual,Costa Rica,Asistente administrativo(a) - con experiencia,Tiempo Completo,1,
Heredia,2025-11-19,,external,https://cr.computrabajo.com/ofertas-de-trabajo/oferta-de-trabajo-de-cocinero-y-servicio-para-restaurante-escazu-heredia-curridabat-gam-costa-rica-en-san-jose-C43955884B4DDD7D61373E686DCF3405,,"Cocinero y servicio para restaurante (Escazú, Heredia, curridabat) - GAM Costa Rica","Expertos en desarrollar franquicias y desarrollar distintas marcas internacionales, con presencia en 9 países de la región.

Queriendo cambiar el consumo y generar valor con los productos que ofrecemos.",1 año de experiencia,2025-11-19,1,//cp.ct-stc.com/web8/20251020.01_01.24/c/img/logos/logoct.svg,0,,Heredia,,A convenir,,Educación mínima: Educación Básica Primaria,A convenir,mensual,Costa Rica,"Cocinero y servicio para restaurante (Escazú, Heredia, curridabat) - GAM Costa Rica",Tiempo Completo,1,
Santa Ana,2025-11-19,,external,https://cr.computrabajo.com/ofertas-de-trabajo/oferta-de-trabajo-de-bodeguero-de-centro-de-distribucion-lindora-en-santa-ana-0E9681F5C73AC22E61373E686DCF3405,,Bodeguero de Centro de Distribución / Lindora,"Acerca del empleo En AR Holdings estamos en búsqueda de un Bodeguero, responsable de recibir, organizar y despachar la mercancía de forma eficiente, asegurando el cumplimiento de los procesos establecidos y el orden dentro de la bodega.

Esta posición es esencial para mantener el control de inventarios, garantizar la disponibilidad de productos y contribuir a una operación logística ágil y precisa que respalde nuestras metas comerciales.

Requisitos: Primaria completa.

6 meses a 1 año de experiencia en bodega, inventarios, recepción de mercadería y/o despachos.

Disponibilidad de trabajo fines de semana o feriados.

Deseables: Secundaria completa.

En AR Holdings, creemos en el poder de la diversidad.

Como empleador que ofrece igualdad de oportunidades, estamos comprometidos con la construcción de equipos inclusivos y multiculturales.

Fomentamos un proceso de contratación libre de barreras, donde cada persona tenga la posibilidad de crecer y desarrollarse.","6 meses a 1 año de experiencia en bodega, inventarios, recepción de mercadería y/o despachos.",2025-11-19,0,//cp.ct-stc.com/web8/20251020.01_01.24/c/img/logos/logoct.svg,0,,Santa Ana,,A convenir,,Educación mínima: Educación Básica Primaria,A convenir,mensual,Costa Rica,Bodeguero de Centro de Distribución / Lindora,Tiempo Completo,0,
